Name,Phone Number,Plate Number,Parking Spot,Check In Time
1,1,1,P01,2025-01-08 17:09:12
2,2,2,P02,2025-01-08 17:09:16
3,3,3,P03,2025-01-08 17:09:19
4,4,4,P04,2025-01-08 17:09:22
5,5,5,P05,2025-01-08 17:09:26
6,6,6,P06,2025-01-08 17:09:29
7,7,7,P07,2025-01-08 17:09:33
8,8,8,P08,2025-01-08 17:09:36
9,9,9,P09,2025-01-08 17:09:39
10,10,10,P10,2025-01-08 17:09:45
11,11,11,P11,2025-01-08 17:09:51
12,12,12,P12,2025-01-08 17:09:54
13,13,13,P13,2025-01-08 17:10:03
14,14,14,P14,2025-01-08 17:10:06
15,15,15,P15,2025-01-08 17:10:12
16,16,16,P16,2025-01-08 17:10:17
17,17,17,P17,2025-01-08 17:10:22
18,18,18,P18,2025-01-08 17:10:27
19,19,19,P19,2025-01-08 17:10:32
20,20,20,P20,2025-01-08 17:10:38
21,21,21,P21,2025-01-08 17:10:43
22,22,22,P22,2025-01-08 17:10:46
23,23,23,P23,2025-01-08 17:10:49
24,24,24,P24,2025-01-08 17:10:53
25,25,25,P25,2025-01-08 17:10:56
26,26,26,P26,2025-01-08 17:11:05
27,27,27,P27,2025-01-08 17:11:10
28,28,28,P28,2025-01-08 17:11:15
29,29,29,P29,2025-01-08 17:11:20
30,30,30,P30,2025-01-08 17:11:25
31,31,31,P31,2025-01-08 17:11:29
32,32,32,P32,2025-01-08 17:11:33
33,33,33,P33,2025-01-08 17:11:36
34,34,34,P34,2025-01-08 17:11:40
35,35,35,P35,2025-01-08 17:11:43
36,36,36,P36,2025-01-08 17:11:47
37,37,37,P37,2025-01-08 17:12:04
38,38,38,P38,2025-01-08 17:12:09
39,39,39,P39,2025-01-08 17:12:15
40,40,40,P40,2025-01-08 17:12:21
41,41,41,P41,2025-01-08 17:12:25
42,42,42,P42,2025-01-08 17:12:29
43,43,43,P43,2025-01-08 17:12:34
44,44,44,P44,2025-01-08 17:12:37
45,45,45,P45,2025-01-08 17:12:42
46,46,46,P46,2025-01-08 17:12:50
47,47,47,P47,2025-01-08 17:12:53
48,48,48,P48,2025-01-08 17:12:58
49,49,49,P49,2025-01-08 17:13:02
50,50,50,P50,2025-01-08 21:25:33
